LOT_ID,명점,양품,불량률,MC_1BLACK_1PRINT,MC_1BLACK_2RTD,MC_2AG_1PRINT,MC_2AG_2RTD,MC_2AG_3EXPOSURE,MC_3BUS_1DEVELOP,MC_3BUS_2FIRE,MC_4DIELEC_1FIRE,MC_5MGO,MC_6PHOS_1R_1DISPENSER,MC_6PHOS_1R_2DRY,MC_6PHOS_2G_1DISPENSER,MC_6PHOS_2G_2DRY,MC_6PHOS_3B_1DISPENSER,MC_6PHOS_4FIRE,MC_7PASTE,MC_8AGING
LOT-101,2,18,10%,2호기,2호기,1호기,1호기,2호기,1호기,1호기,3호기,1호기,1호기,2호기,2호기,2호기,1호기,3호기,1호기,2호기
LOT-102,1,19,5%,1호기,1호기,2호기,1호기,2호기,1호기,2호기,3호기,2호기,1호기,2호기,1호기,1호기,2호기,3호기,2호기,2호기
LOT-103,3,17,15%,2호기,2호기,1호기,1호기,2호기,2호기,2호기,2호기,2호기,1호기,2호기,1호기,2호기,1호기,1호기,2호기,2호기
LOT-104,0,20,0%,1호기,1호기,2호기,2호기,1호기,2호기,1호기,3호기,2호기,1호기,2호기,1호기,1호기,1호기,2호기,2호기,1호기
LOT-105,2,18,10%,2호기,1호기,1호기,1호기,1호기,1호기,1호기,1호기,2호기,1호기,2호기,1호기,2호기,2호기,2호기,2호기,1호기
LOT-106,0,20,0%,1호기,1호기,1호기,2호기,2호기,2호기,1호기,3호기,1호기,2호기,2호기,2호기,1호기,1호기,2호기,1호기,2호기
LOT-107,1,19,5%,1호기,2호기,1호기,1호기,2호기,2호기,1호기,1호기,2호기,2호기,2호기,2호기,2호기,2호기,3호기,1호기,1호기
LOT-108,0,20,0%,2호기,2호기,2호기,2호기,1호기,1호기,1호기,2호기,2호기,2호기,2호기,1호기,1호기,1호기,2호기,2호기,2호기
LOT-109,1,19,5%,1호기,2호기,1호기,1호기,2호기,2호기,1호기,1호기,2호기,2호기,1호기,1호기,1호기,1호기,1호기,1호기,1호기
LOT-110,2,18,10%,1호기,2호기,2호기,1호기,2호기,2호기,2호기,2호기,2호기,1호기,2호기,2호기,2호기,2호기,2호기,1호기,1호기
LOT-111,2,18,10%,2호기,1호기,1호기,2호기,2호기,1호기,1호기,1호기,2호기,1호기,1호기,1호기,2호기,2호기,3호기,2호기,1호기
LOT-112,1,19,5%,1호기,1호기,1호기,2호기,1호기,2호기,2호기,3호기,1호기,2호기,2호기,2호기,1호기,2호기,1호기,1호기,1호기
LOT-113,0,20,0%,2호기,1호기,2호기,2호기,1호기,1호기,1호기,1호기,2호기,2호기,2호기,2호기,2호기,2호기,1호기,1호기,1호기
LOT-114,1,19,5%,1호기,1호기,1호기,1호기,2호기,2호기,2호기,1호기,2호기,2호기,2호기,2호기,2호기,1호기,3호기,1호기,1호기
LOT-115,1,19,5%,1호기,2호기,1호기,1호기,1호기,2호기,1호기,3호기,2호기,2호기,1호기,1호기,2호기,2호기,2호기,2호기,2호기
LOT-116,0,20,0%,1호기,1호기,1호기,2호기,2호기,2호기,1호기,3호기,2호기,1호기,2호기,1호기,1호기,1호기,2호기,1호기,1호기
LOT-117,1,19,5%,1호기,1호기,2호기,1호기,1호기,2호기,2호기,1호기,2호기,1호기,2호기,2호기,2호기,1호기,3호기,2호기,2호기
LOT-118,1,19,5%,2호기,1호기,1호기,2호기,2호기,1호기,1호기,1호기,2호기,2호기,1호기,1호기,1호기,1호기,2호기,1호기,1호기
LOT-119,1,19,5%,1호기,2호기,2호기,1호기,1호기,1호기,2호기,3호기,1호기,1호기,2호기,1호기,1호기,1호기,1호기,1호기,1호기
LOT-120,2,18,10%,2호기,1호기,1호기,2호기,1호기,1호기,2호기,2호기,1호기,1호기,1호기,2호기,1호기,2호기,1호기,2호기,2호기
LOT-121,2,18,10%,1호기,1호기,1호기,1호기,2호기,2호기,1호기,2호기,2호기,2호기,1호기,2호기,2호기,2호기,3호기,1호기,2호기
LOT-122,1,19,5%,2호기,2호기,1호기,2호기,1호기,1호기,1호기,1호기,2호기,1호기,1호기,2호기,2호기,2호기,2호기,1호기,1호기
LOT-123,2,18,10%,1호기,1호기,2호기,2호기,1호기,1호기,2호기,1호기,1호기,2호기,2호기,1호기,1호기,2호기,3호기,1호기,2호기
LOT-124,0,20,0%,2호기,1호기,2호기,2호기,2호기,2호기,1호기,3호기,1호기,1호기,1호기,2호기,1호기,1호기,1호기,1호기,1호기
LOT-125,2,18,10%,1호기,1호기,2호기,1호기,2호기,1호기,2호기,3호기,1호기,1호기,1호기,2호기,1호기,2호기,3호기,1호기,1호기
LOT-126,1,19,5%,2호기,2호기,1호기,1호기,1호기,1호기,2호기,2호기,2호기,1호기,1호기,1호기,1호기,1호기,3호기,1호기,1호기
LOT-127,3,17,15%,2호기,1호기,1호기,1호기,1호기,2호기,2호기,2호기,1호기,1호기,2호기,2호기,1호기,1호기,3호기,1호기,1호기
LOT-128,1,19,5%,2호기,1호기,2호기,1호기,2호기,1호기,1호기,3호기,2호기,1호기,1호기,2호기,1호기,1호기,3호기,2호기,2호기
LOT-129,0,20,0%,2호기,1호기,1호기,2호기,1호기,2호기,1호기,3호기,1호기,2호기,2호기,1호기,1호기,2호기,1호기,2호기,2호기
LOT-130,3,17,15%,2호기,1호기,2호기,1호기,1호기,1호기,1호기,2호기,1호기,1호기,2호기,2호기,1호기,2호기,2호기,1호기,2호기
LOT-131,2,18,10%,2호기,2호기,2호기,1호기,1호기,1호기,1호기,3호기,2호기,1호기,2호기,2호기,2호기,2호기,2호기,2호기,1호기
LOT-132,2,18,10%,1호기,2호기,2호기,1호기,1호기,1호기,2호기,3호기,1호기,1호기,1호기,1호기,2호기,1호기,2호기,2호기,1호기
LOT-133,2,18,10%,2호기,1호기,1호기,1호기,2호기,2호기,2호기,2호기,1호기,1호기,2호기,2호기,2호기,2호기,2호기,1호기,2호기
LOT-134,2,18,10%,1호기,1호기,2호기,2호기,1호기,1호기,2호기,2호기,2호기,1호기,1호기,1호기,2호기,2호기,1호기,2호기,2호기
LOT-135,3,17,15%,2호기,1호기,2호기,2호기,2호기,1호기,2호기,1호기,1호기,1호기,1호기,2호기,1호기,2호기,3호기,2호기,2호기
LOT-136,0,20,0%,2호기,2호기,1호기,2호기,2호기,1호기,2호기,3호기,1호기,1호기,2호기,2호기,1호기,1호기,1호기,1호기,1호기
LOT-137,2,18,10%,1호기,2호기,2호기,1호기,1호기,1호기,1호기,2호기,2호기,2호기,2호기,2호기,1호기,1호기,2호기,1호기,2호기
LOT-138,0,20,0%,2호기,2호기,2호기,2호기,1호기,2호기,1호기,1호기,2호기,1호기,2호기,1호기,1호기,1호기,2호기,2호기,2호기
LOT-139,3,17,15%,2호기,2호기,2호기,1호기,2호기,1호기,1호기,2호기,2호기,1호기,2호기,2호기,1호기,2호기,2호기,1호기,2호기
LOT-140,2,18,10%,1호기,1호기,1호기,2호기,2호기,1호기,2호기,3호기,2호기,2호기,1호기,2호기,1호기,1호기,1호기,1호기,1호기
LOT-141,1,19,5%,2호기,2호기,1호기,2호기,2호기,2호기,2호기,2호기,2호기,1호기,1호기,1호기,2호기,1호기,1호기,2호기,2호기
LOT-142,1,19,5%,1호기,1호기,2호기,2호기,2호기,2호기,1호기,3호기,2호기,1호기,1호기,1호기,1호기,2호기,1호기,1호기,2호기
LOT-143,1,19,5%,1호기,1호기,1호기,2호기,1호기,2호기,2호기,3호기,1호기,1호기,1호기,2호기,2호기,1호기,2호기,2호기,1호기
LOT-144,2,18,10%,2호기,1호기,1호기,2호기,2호기,2호기,1호기,1호기,1호기,1호기,2호기,2호기,1호기,2호기,2호기,1호기,1호기
LOT-145,1,19,5%,1호기,1호기,2호기,2호기,1호기,1호기,2호기,2호기,1호기,1호기,2호기,1호기,1호기,2호기,2호기,1호기,1호기
LOT-146,0,20,0%,2호기,2호기,2호기,2호기,2호기,2호기,1호기,3호기,1호기,2호기,2호기,2호기,1호기,1호기,1호기,1호기,2호기
LOT-147,1,19,5%,1호기,1호기,2호기,2호기,2호기,2호기,1호기,1호기,1호기,2호기,2호기,2호기,2호기,1호기,1호기,1호기,1호기
LOT-148,1,19,5%,1호기,2호기,2호기,1호기,1호기,1호기,1호기,1호기,1호기,2호기,2호기,2호기,1호기,1호기,1호기,2호기,1호기
LOT-149,0,20,0%,1호기,1호기,1호기,1호기,1호기,1호기,2호기,3호기,2호기,2호기,2호기,1호기,2호기,1호기,2호기,2호기,1호기
LOT-150,3,17,15%,1호기,1호기,1호기,1호기,2호기,2호기,2호기,2호기,2호기,1호기,1호기,1호기,1호기,2호기,2호기,2호기,1호기
LOT-151,1,19,5%,1호기,2호기,1호기,2호기,2호기,2호기,2호기,1호기,2호기,1호기,2호기,1호기,2호기,2호기,1호기,1호기,2호기
LOT-152,2,18,10%,1호기,2호기,1호기,2호기,1호기,2호기,1호기,2호기,1호기,2호기,1호기,2호기,2호기,1호기,3호기,1호기,2호기
LOT-153,2,18,10%,1호기,1호기,2호기,1호기,1호기,1호기,1호기,1호기,1호기,2호기,2호기,2호기,1호기,2호기,2호기,1호기,2호기
LOT-154,0,20,0%,1호기,1호기,1호기,2호기,2호기,1호기,2호기,3호기,1호기,1호기,2호기,2호기,1호기,1호기,2호기,1호기,1호기
LOT-155,1,19,5%,2호기,1호기,1호기,2호기,1호기,2호기,1호기,1호기,1호기,1호기,2호기,2호기,1호기,1호기,3호기,2호기,1호기
LOT-156,2,18,10%,1호기,2호기,2호기,1호기,2호기,2호기,2호기,1호기,1호기,2호기,2호기,1호기,2호기,1호기,3호기,1호기,1호기
LOT-157,2,18,10%,2호기,1호기,1호기,1호기,2호기,1호기,1호기,3호기,2호기,2호기,1호기,2호기,1호기,1호기,2호기,2호기,2호기
LOT-158,2,18,10%,2호기,1호기,1호기,1호기,2호기,2호기,1호기,1호기,1호기,1호기,2호기,1호기,1호기,1호기,3호기,2호기,2호기
LOT-159,2,18,10%,2호기,2호기,1호기,2호기,1호기,2호기,2호기,3호기,2호기,1호기,1호기,1호기,1호기,2호기,3호기,2호기,2호기
LOT-160,1,19,5%,1호기,2호기,2호기,2호기,2호기,2호기,1호기,1호기,1호기,2호기,2호기,2호기,1호기,2호기,3호기,1호기,1호기
LOT-161,2,18,10%,2호기,1호기,1호기,2호기,2호기,2호기,2호기,1호기,2호기,2호기,1호기,1호기,2호기,2호기,1호기,1호기,2호기
LOT-162,3,17,15%,2호기,1호기,1호기,2호기,2호기,1호기,1호기,2호기,2호기,2호기,2호기,2호기,2호기,2호기,2호기,2호기,1호기
LOT-163,3,17,15%,1호기,2호기,1호기,1호기,2호기,1호기,1호기,1호기,1호기,2호기,2호기,1호기,1호기,1호기,3호기,2호기,1호기
LOT-164,1,19,5%,1호기,1호기,1호기,1호기,2호기,2호기,1호기,3호기,2호기,2호기,2호기,1호기,1호기,1호기,1호기,1호기,1호기
LOT-165,2,18,10%,1호기,2호기,2호기,1호기,1호기,2호기,1호기,1호기,1호기,2호기,1호기,2호기,1호기,1호기,3호기,1호기,2호기
LOT-166,1,19,5%,1호기,1호기,2호기,2호기,2호기,1호기,1호기,1호기,1호기,1호기,1호기,2호기,2호기,1호기,3호기,1호기,2호기
LOT-167,1,19,5%,2호기,2호기,2호기,1호기,2호기,1호기,2호기,2호기,1호기,1호기,2호기,1호기,1호기,2호기,1호기,1호기,2호기
LOT-168,3,17,15%,1호기,2호기,2호기,2호기,1호기,1호기,1호기,1호기,1호기,1호기,1호기,2호기,1호기,1호기,3호기,2호기,1호기
LOT-169,0,20,0%,1호기,1호기,2호기,1호기,2호기,2호기,2호기,2호기,1호기,1호기,1호기,1호기,1호기,1호기,1호기,2호기,1호기
LOT-170,1,19,5%,1호기,1호기,1호기,1호기,2호기,1호기,1호기,2호기,1호기,2호기,1호기,2호기,1호기,2호기,2호기,1호기,2호기
LOT-171,1,19,5%,1호기,2호기,2호기,2호기,2호기,1호기,1호기,1호기,1호기,2호기,2호기,1호기,1호기,2호기,3호기,2호기,2호기
LOT-172,1,19,5%,2호기,1호기,2호기,2호기,2호기,2호기,1호기,3호기,1호기,1호기,2호기,2호기,1호기,1호기,1호기,1호기,1호기
LOT-173,2,18,10%,2호기,2호기,1호기,1호기,1호기,1호기,2호기,2호기,1호기,2호기,2호기,2호기,1호기,1호기,2호기,2호기,1호기
LOT-174,3,17,15%,2호기,1호기,2호기,2호기,1호기,2호기,1호기,1호기,1호기,1호기,2호기,1호기,2호기,2호기,1호기,1호기,1호기
LOT-175,2,18,10%,1호기,1호기,1호기,2호기,1호기,1호기,1호기,3호기,1호기,1호기,2호기,2호기,1호기,1호기,1호기,2호기,2호기
LOT-176,2,18,10%,2호기,1호기,2호기,1호기,2호기,2호기,1호기,1호기,2호기,2호기,1호기,1호기,1호기,1호기,1호기,2호기,1호기
LOT-177,2,18,10%,2호기,2호기,2호기,2호기,1호기,2호기,1호기,1호기,2호기,1호기,2호기,1호기,1호기,1호기,1호기,1호기,2호기
LOT-178,1,19,5%,1호기,2호기,2호기,1호기,2호기,2호기,2호기,2호기,1호기,2호기,1호기,1호기,1호기,2호기,3호기,1호기,2호기
LOT-179,2,18,10%,2호기,1호기,2호기,2호기,2호기,2호기,2호기,3호기,1호기,1호기,1호기,2호기,2호기,2호기,1호기,2호기,2호기
LOT-180,1,19,5%,1호기,1호기,2호기,1호기,2호기,2호기,2호기,3호기,2호기,2호기,1호기,1호기,1호기,2호기,2호기,2호기,2호기
LOT-181,3,17,15%,1호기,1호기,2호기,2호기,2호기,1호기,1호기,1호기,1호기,2호기,2호기,1호기,2호기,2호기,3호기,1호기,1호기
LOT-182,1,19,5%,2호기,2호기,2호기,2호기,2호기,2호기,2호기,2호기,1호기,2호기,1호기,1호기,2호기,1호기,3호기,2호기,2호기
LOT-183,2,18,10%,1호기,1호기,2호기,1호기,2호기,1호기,1호기,3호기,1호기,2호기,1호기,1호기,1호기,1호기,3호기,1호기,2호기
LOT-184,3,17,15%,1호기,2호기,1호기,2호기,2호기,2호기,1호기,1호기,2호기,1호기,2호기,2호기,2호기,1호기,1호기,1호기,2호기
LOT-185,4,16,20%,1호기,1호기,1호기,1호기,2호기,1호기,2호기,1호기,2호기,2호기,2호기,2호기,1호기,1호기,2호기,2호기,1호기
LOT-186,2,18,10%,2호기,1호기,2호기,1호기,2호기,2호기,2호기,3호기,2호기,1호기,1호기,1호기,2호기,2호기,2호기,2호기,2호기
LOT-187,3,17,15%,1호기,2호기,1호기,1호기,1호기,1호기,1호기,3호기,1호기,2호기,1호기,1호기,2호기,1호기,3호기,1호기,2호기
LOT-188,4,16,20%,2호기,2호기,2호기,1호기,2호기,1호기,2호기,2호기,2호기,1호기,1호기,1호기,1호기,1호기,2호기,2호기,1호기
LOT-189,2,18,10%,2호기,1호기,2호기,1호기,1호기,2호기,1호기,1호기,1호기,1호기,1호기,1호기,2호기,2호기,3호기,2호기,2호기
LOT-190,4,16,20%,2호기,1호기,1호기,2호기,1호기,1호기,1호기,2호기,2호기,2호기,2호기,1호기,2호기,2호기,1호기,2호기,2호기
LOT-191,2,18,10%,1호기,2호기,1호기,2호기,1호기,1호기,1호기,2호기,2호기,2호기,1호기,2호기,1호기,2호기,3호기,1호기,1호기
LOT-192,1,19,5%,1호기,2호기,2호기,1호기,1호기,1호기,1호기,3호기,2호기,2호기,2호기,1호기,2호기,2호기,2호기,2호기,1호기
LOT-193,3,17,15%,1호기,2호기,1호기,1호기,2호기,2호기,2호기,2호기,2호기,2호기,2호기,1호기,1호기,1호기,2호기,2호기,2호기
LOT-194,1,19,5%,1호기,2호기,2호기,1호기,2호기,2호기,2호기,3호기,2호기,2호기,1호기,2호기,1호기,2호기,2호기,1호기,2호기
LOT-195,2,18,10%,2호기,1호기,2호기,1호기,1호기,1호기,1호기,2호기,2호기,1호기,2호기,1호기,2호기,2호기,1호기,1호기,1호기
LOT-196,3,17,15%,1호기,2호기,2호기,2호기,2호기,2호기,2호기,2호기,2호기,1호기,1호기,2호기,2호기,2호기,1호기,2호기,1호기
LOT-197,2,18,10%,2호기,2호기,1호기,2호기,1호기,2호기,1호기,3호기,1호기,1호기,2호기,2호기,1호기,1호기,3호기,1호기,2호기
LOT-198,3,17,15%,2호기,2호기,1호기,1호기,1호기,1호기,1호기,3호기,1호기,1호기,2호기,1호기,2호기,1호기,3호기,1호기,1호기
LOT-199,2,18,10%,1호기,1호기,1호기,1호기,2호기,1호기,1호기,1호기,1호기,2호기,2호기,2호기,1호기,2호기,1호기,2호기,1호기
LOT-200,1,19,5%,2호기,2호기,1호기,2호기,1호기,2호기,1호기,1호기,1호기,2호기,1호기,1호기,2호기,2호기,1호기,1호기,1호기
LOT-201,4,16,20%,1호기,2호기,1호기,2호기,1호기,2호기,1호기,2호기,2호기,1호기,2호기,1호기,1호기,1호기,3호기,1호기,1호기
LOT-202,3,17,15%,2호기,1호기,1호기,2호기,1호기,2호기,2호기,2호기,2호기,1호기,1호기,2호기,1호기,2호기,2호기,1호기,1호기
LOT-203,1,19,5%,1호기,2호기,1호기,1호기,1호기,2호기,1호기,3호기,2호기,2호기,1호기,1호기,1호기,2호기,3호기,1호기,2호기
LOT-204,4,16,20%,1호기,2호기,1호기,1호기,2호기,1호기,1호기,3호기,2호기,1호기,1호기,1호기,1호기,1호기,2호기,1호기,1호기
LOT-205,1,19,5%,2호기,1호기,1호기,1호기,1호기,2호기,1호기,3호기,1호기,1호기,2호기,2호기,1호기,1호기,2호기,2호기,2호기
LOT-206,2,18,10%,2호기,1호기,2호기,1호기,1호기,1호기,2호기,3호기,2호기,1호기,1호기,1호기,1호기,2호기,2호기,1호기,2호기
LOT-207,1,19,5%,2호기,2호기,2호기,2호기,1호기,2호기,1호기,3호기,1호기,1호기,2호기,1호기,1호기,2호기,2호기,2호기,2호기
LOT-208,4,16,20%,2호기,2호기,1호기,1호기,2호기,2호기,1호기,2호기,1호기,1호기,2호기,1호기,2호기,1호기,3호기,1호기,2호기
LOT-209,3,17,15%,2호기,1호기,1호기,2호기,2호기,1호기,2호기,2호기,1호기,1호기,1호기,1호기,1호기,2호기,1호기,1호기,1호기
LOT-210,1,19,5%,2호기,1호기,2호기,2호기,1호기,2호기,1호기,2호기,1호기,1호기,1호기,2호기,1호기,1호기,3호기,2호기,1호기
LOT-211,3,17,15%,2호기,1호기,2호기,2호기,2호기,2호기,2호기,2호기,2호기,2호기,2호기,1호기,2호기,1호기,3호기,2호기,1호기
LOT-212,0,20,0%,2호기,1호기,2호기,2호기,1호기,2호기,1호기,1호기,2호기,1호기,1호기,1호기,1호기,2호기,1호기,2호기,2호기
LOT-213,4,16,20%,2호기,2호기,2호기,1호기,2호기,2호기,1호기,2호기,2호기,1호기,2호기,2호기,2호기,2호기,3호기,1호기,1호기
LOT-214,2,18,10%,2호기,1호기,1호기,1호기,2호기,1호기,2호기,2호기,2호기,2호기,2호기,1호기,1호기,1호기,3호기,1호기,2호기
LOT-215,2,18,10%,1호기,1호기,2호기,2호기,1호기,1호기,1호기,3호기,2호기,1호기,1호기,2호기,2호기,1호기,2호기,1호기,2호기
LOT-216,2,18,10%,2호기,2호기,1호기,2호기,1호기,2호기,1호기,3호기,1호기,1호기,2호기,2호기,2호기,2호기,3호기,1호기,1호기
LOT-217,3,17,15%,1호기,1호기,2호기,1호기,2호기,1호기,1호기,2호기,2호기,1호기,2호기,2호기,1호기,2호기,1호기,1호기,1호기
LOT-218,3,17,15%,2호기,2호기,2호기,2호기,2호기,2호기,1호기,2호기,1호기,2호기,1호기,2호기,2호기,1호기,2호기,2호기,1호기
LOT-219,4,16,20%,2호기,2호기,2호기,2호기,1호기,1호기,1호기,3호기,2호기,1호기,1호기,1호기,1호기,1호기,2호기,2호기,2호기
LOT-220,3,17,15%,2호기,1호기,2호기,1호기,1호기,2호기,1호기,1호기,2호기,1호기,2호기,2호기,1호기,2호기,3호기,2호기,1호기
LOT-221,3,17,15%,2호기,2호기,2호기,1호기,1호기,2호기,1호기,3호기,1호기,1호기,2호기,1호기,2호기,1호기,1호기,1호기,1호기
LOT-222,2,18,10%,1호기,2호기,2호기,1호기,2호기,1호기,2호기,1호기,1호기,1호기,1호기,1호기,2호기,2호기,3호기,2호기,1호기
LOT-223,2,18,10%,1호기,1호기,1호기,1호기,1호기,1호기,2호기,3호기,2호기,2호기,2호기,1호기,1호기,1호기,2호기,1호기,2호기
LOT-224,4,16,20%,1호기,1호기,2호기,1호기,2호기,2호기,2호기,1호기,2호기,2호기,1호기,1호기,2호기,1호기,2호기,2호기,1호기
LOT-225,1,19,5%,1호기,1호기,1호기,1호기,2호기,1호기,1호기,2호기,2호기,1호기,1호기,2호기,2호기,1호기,3호기,1호기,1호기
LOT-226,5,15,25%,1호기,1호기,2호기,2호기,1호기,1호기,1호기,1호기,1호기,2호기,2호기,1호기,2호기,1호기,2호기,2호기,1호기
LOT-227,3,17,15%,1호기,1호기,2호기,2호기,1호기,1호기,2호기,3호기,1호기,1호기,1호기,1호기,1호기,2호기,1호기,1호기,1호기
LOT-228,2,18,10%,1호기,2호기,1호기,1호기,2호기,1호기,2호기,3호기,2호기,2호기,2호기,2호기,1호기,2호기,3호기,2호기,1호기
LOT-229,4,16,20%,2호기,2호기,2호기,1호기,1호기,2호기,2호기,2호기,2호기,1호기,1호기,2호기,2호기,2호기,2호기,1호기,1호기
LOT-230,0,20,0%,1호기,1호기,1호기,2호기,2호기,2호기,2호기,2호기,1호기,1호기,1호기,2호기,1호기,2호기,2호기,2호기,1호기
LOT-231,3,17,15%,1호기,1호기,2호기,1호기,2호기,1호기,1호기,2호기,1호기,1호기,2호기,1호기,2호기,2호기,2호기,2호기,2호기
LOT-232,2,18,10%,2호기,1호기,1호기,2호기,2호기,2호기,1호기,3호기,2호기,1호기,1호기,1호기,1호기,2호기,3호기,2호기,2호기
LOT-233,1,19,5%,1호기,2호기,2호기,2호기,2호기,2호기,1호기,2호기,2호기,1호기,2호기,1호기,2호기,1호기,1호기,1호기,2호기
LOT-234,2,18,10%,2호기,2호기,2호기,1호기,2호기,1호기,1호기,1호기,1호기,1호기,2호기,2호기,1호기,2호기,3호기,1호기,2호기
LOT-235,2,18,10%,2호기,2호기,1호기,2호기,2호기,2호기,2호기,1호기,2호기,1호기,2호기,1호기,2호기,1호기,1호기,2호기,2호기
LOT-236,3,17,15%,1호기,2호기,1호기,1호기,1호기,2호기,1호기,1호기,2호기,1호기,1호기,2호기,2호기,2호기,1호기,1호기,1호기
LOT-237,3,17,15%,1호기,2호기,2호기,1호기,1호기,1호기,2호기,1호기,2호기,1호기,2호기,1호기,2호기,1호기,1호기,1호기,2호기
LOT-238,4,16,20%,1호기,2호기,2호기,1호기,1호기,2호기,2호기,1호기,1호기,1호기,2호기,1호기,1호기,1호기,2호기,2호기,1호기
LOT-239,3,17,15%,1호기,1호기,1호기,2호기,2호기,1호기,2호기,1호기,1호기,2호기,2호기,1호기,1호기,2호기,1호기,1호기,1호기
LOT-240,2,18,10%,2호기,1호기,1호기,1호기,2호기,2호기,2호기,1호기,2호기,1호기,1호기,1호기,1호기,1호기,2호기,1호기,1호기
LOT-241,1,19,5%,1호기,2호기,2호기,1호기,1호기,1호기,2호기,3호기,2호기,1호기,2호기,1호기,2호기,2호기,2호기,1호기,1호기
LOT-242,3,17,15%,1호기,2호기,2호기,1호기,1호기,2호기,2호기,2호기,2호기,1호기,1호기,2호기,2호기,2호기,3호기,2호기,2호기
LOT-243,2,18,10%,1호기,2호기,2호기,1호기,1호기,2호기,1호기,2호기,1호기,2호기,2호기,2호기,2호기,2호기,2호기,2호기,1호기
LOT-244,4,16,20%,1호기,1호기,1호기,2호기,1호기,1호기,2호기,2호기,2호기,1호기,2호기,1호기,1호기,2호기,2호기,2호기,2호기
LOT-245,2,18,10%,1호기,2호기,2호기,1호기,2호기,1호기,2호기,3호기,2호기,2호기,2호기,2호기,1호기,2호기,3호기,1호기,1호기
LOT-246,2,18,10%,1호기,2호기,1호기,2호기,1호기,1호기,1호기,1호기,1호기,1호기,2호기,1호기,1호기,1호기,1호기,2호기,2호기
LOT-247,1,19,5%,1호기,2호기,1호기,2호기,1호기,1호기,1호기,2호기,2호기,2호기,2호기,2호기,2호기,1호기,1호기,1호기,2호기
LOT-248,2,18,10%,2호기,1호기,1호기,2호기,2호기,2호기,1호기,1호기,1호기,1호기,1호기,2호기,1호기,1호기,3호기,2호기,1호기
LOT-249,5,15,25%,1호기,1호기,1호기,1호기,2호기,2호기,2호기,2호기,2호기,1호기,1호기,1호기,1호기,2호기,3호기,1호기,1호기
LOT-250,3,17,15%,1호기,1호기,1호기,1호기,1호기,1호기,1호기,1호기,2호기,2호기,1호기,2호기,2호기,1호기,3호기,1호기,2호기
LOT-251,4,16,20%,2호기,1호기,2호기,2호기,2호기,2호기,2호기,2호기,2호기,2호기,1호기,1호기,2호기,2호기,2호기,1호기,2호기
LOT-252,1,19,5%,2호기,2호기,1호기,2호기,1호기,2호기,1호기,2호기,1호기,2호기,2호기,2호기,1호기,2호기,1호기,1호기,1호기
LOT-253,2,18,10%,2호기,1호기,1호기,2호기,2호기,2호기,2호기,2호기,1호기,1호기,2호기,1호기,1호기,1호기,1호기,2호기,1호기
LOT-254,4,16,20%,1호기,2호기,1호기,2호기,2호기,1호기,1호기,3호기,1호기,2호기,1호기,2호기,1호기,2호기,3호기,1호기,2호기
LOT-255,2,18,10%,2호기,1호기,2호기,1호기,2호기,1호기,1호기,2호기,2호기,1호기,1호기,2호기,1호기,1호기,1호기,2호기,1호기
LOT-256,2,18,10%,1호기,1호기,2호기,1호기,1호기,2호기,2호기,1호기,2호기,2호기,2호기,1호기,2호기,2호기,2호기,2호기,1호기
LOT-257,3,17,15%,2호기,2호기,1호기,1호기,1호기,1호기,2호기,1호기,2호기,2호기,1호기,1호기,1호기,1호기,3호기,1호기,2호기
LOT-258,3,17,15%,1호기,1호기,1호기,1호기,1호기,2호기,2호기,3호기,1호기,2호기,2호기,2호기,2호기,2호기,1호기,2호기,1호기
LOT-259,3,17,15%,2호기,1호기,2호기,1호기,2호기,2호기,1호기,1호기,1호기,2호기,1호기,1호기,1호기,1호기,1호기,2호기,2호기
LOT-260,1,19,5%,1호기,2호기,2호기,2호기,1호기,2호기,2호기,3호기,2호기,1호기,2호기,2호기,2호기,1호기,1호기,1호기,1호기
LOT-261,3,17,15%,1호기,1호기,2호기,2호기,1호기,2호기,1호기,2호기,2호기,2호기,1호기,1호기,1호기,1호기,2호기,1호기,1호기
LOT-262,4,16,20%,1호기,1호기,1호기,1호기,1호기,1호기,1호기,2호기,2호기,2호기,2호기,1호기,1호기,1호기,2호기,1호기,2호기
LOT-263,2,18,10%,1호기,1호기,1호기,1호기,1호기,1호기,1호기,1호기,1호기,2호기,2호기,2호기,1호기,1호기,1호기,1호기,2호기
LOT-264,2,18,10%,2호기,1호기,1호기,1호기,2호기,1호기,2호기,3호기,1호기,2호기,1호기,2호기,1호기,2호기,3호기,2호기,1호기
LOT-265,1,19,5%,2호기,2호기,2호기,2호기,1호기,2호기,1호기,1호기,1호기,2호기,1호기,1호기,1호기,1호기,1호기,2호기,1호기
LOT-266,2,18,10%,2호기,2호기,1호기,1호기,1호기,2호기,1호기,3호기,1호기,1호기,1호기,2호기,2호기,1호기,3호기,1호기,2호기
LOT-267,4,16,20%,1호기,1호기,1호기,2호기,2호기,1호기,2호기,1호기,1호기,2호기,1호기,1호기,2호기,2호기,3호기,2호기,2호기
LOT-268,2,18,10%,1호기,2호기,2호기,1호기,1호기,1호기,1호기,3호기,2호기,1호기,2호기,1호기,2호기,1호기,3호기,2호기,1호기
LOT-269,2,18,10%,2호기,1호기,1호기,1호기,1호기,1호기,1호기,1호기,1호기,2호기,1호기,1호기,1호기,1호기,2호기,1호기,2호기
LOT-270,3,17,15%,1호기,1호기,1호기,1호기,2호기,2호기,1호기,3호기,2호기,1호기,2호기,2호기,1호기,1호기,1호기,1호기,2호기
LOT-271,2,18,10%,1호기,2호기,1호기,2호기,1호기,1호기,2호기,3호기,2호기,2호기,2호기,1호기,1호기,1호기,2호기,1호기,1호기
LOT-272,2,18,10%,1호기,2호기,1호기,1호기,2호기,2호기,2호기,3호기,1호기,2호기,2호기,2호기,2호기,1호기,2호기,2호기,1호기
LOT-273,3,17,15%,1호기,1호기,1호기,1호기,1호기,1호기,2호기,1호기,2호기,2호기,2호기,2호기,2호기,1호기,3호기,2호기,2호기
LOT-274,3,17,15%,1호기,1호기,2호기,1호기,1호기,1호기,1호기,2호기,1호기,1호기,1호기,1호기,2호기,2호기,2호기,1호기,1호기
LOT-275,4,16,20%,2호기,2호기,1호기,1호기,2호기,1호기,2호기,2호기,1호기,2호기,1호기,1호기,2호기,1호기,1호기,1호기,1호기
LOT-276,1,19,5%,1호기,1호기,2호기,2호기,2호기,2호기,2호기,3호기,1호기,1호기,1호기,2호기,2호기,2호기,3호기,2호기,2호기
LOT-277,2,18,10%,2호기,1호기,2호기,1호기,1호기,1호기,2호기,3호기,2호기,2호기,1호기,1호기,2호기,1호기,1호기,1호기,1호기
LOT-278,3,17,15%,2호기,1호기,2호기,1호기,2호기,2호기,2호기,1호기,1호기,2호기,2호기,2호기,1호기,1호기,3호기,2호기,2호기
LOT-279,4,16,20%,1호기,2호기,2호기,1호기,2호기,2호기,1호기,3호기,2호기,1호기,2호기,1호기,1호기,2호기,2호기,1호기,2호기
LOT-280,2,18,10%,1호기,2호기,1호기,1호기,1호기,2호기,1호기,1호기,1호기,1호기,2호기,2호기,1호기,2호기,3호기,2호기,2호기
LOT-281,4,16,20%,2호기,1호기,2호기,2호기,1호기,1호기,1호기,2호기,1호기,1호기,1호기,1호기,2호기,2호기,3호기,2호기,1호기
LOT-282,4,16,20%,1호기,2호기,2호기,2호기,1호기,2호기,2호기,1호기,2호기,2호기,2호기,1호기,1호기,2호기,1호기,2호기,1호기
LOT-283,3,17,15%,1호기,1호기,1호기,2호기,1호기,1호기,2호기,2호기,1호기,2호기,1호기,2호기,2호기,1호기,2호기,1호기,1호기
LOT-284,5,15,25%,2호기,2호기,2호기,1호기,1호기,2호기,1호기,1호기,2호기,2호기,1호기,2호기,2호기,1호기,3호기,2호기,2호기
LOT-285,1,19,5%,1호기,1호기,1호기,2호기,1호기,2호기,1호기,3호기,2호기,1호기,2호기,1호기,2호기,1호기,3호기,2호기,1호기
LOT-286,6,14,30%,2호기,2호기,1호기,1호기,1호기,1호기,1호기,2호기,2호기,1호기,2호기,1호기,2호기,1호기,3호기,2호기,1호기
LOT-287,3,17,15%,1호기,2호기,2호기,1호기,1호기,1호기,2호기,3호기,1호기,1호기,2호기,2호기,2호기,2호기,2호기,1호기,1호기
LOT-288,3,17,15%,1호기,2호기,1호기,1호기,1호기,1호기,2호기,2호기,1호기,2호기,1호기,2호기,2호기,2호기,3호기,1호기,1호기
LOT-289,4,16,20%,1호기,1호기,1호기,1호기,2호기,1호기,2호기,1호기,2호기,1호기,1호기,1호기,2호기,2호기,2호기,1호기,1호기
LOT-290,2,18,10%,1호기,1호기,2호기,2호기,1호기,1호기,2호기,1호기,2호기,2호기,2호기,1호기,2호기,1호기,2호기,1호기,2호기
LOT-291,5,15,25%,2호기,2호기,1호기,2호기,2호기,1호기,2호기,2호기,1호기,1호기,1호기,2호기,1호기,2호기,2호기,2호기,1호기
LOT-292,0,20,0%,2호기,2호기,2호기,2호기,2호기,2호기,2호기,1호기,1호기,2호기,1호기,1호기,1호기,1호기,2호기,2호기,2호기
LOT-293,3,17,15%,2호기,2호기,1호기,1호기,1호기,1호기,1호기,3호기,2호기,1호기,1호기,1호기,1호기,2호기,3호기,1호기,1호기
LOT-294,2,18,10%,2호기,1호기,2호기,1호기,1호기,2호기,1호기,3호기,1호기,1호기,1호기,1호기,2호기,2호기,2호기,1호기,1호기
LOT-295,1,19,5%,2호기,1호기,1호기,1호기,1호기,1호기,2호기,2호기,1호기,1호기,2호기,2호기,1호기,2호기,1호기,1호기,1호기
LOT-296,3,17,15%,2호기,1호기,2호기,1호기,2호기,2호기,2호기,3호기,1호기,2호기,1호기,2호기,1호기,2호기,3호기,1호기,1호기
LOT-297,2,18,10%,1호기,2호기,1호기,2호기,2호기,1호기,2호기,3호기,1호기,1호기,1호기,1호기,2호기,1호기,2호기,2호기,1호기
LOT-298,4,16,20%,2호기,2호기,2호기,2호기,1호기,2호기,2호기,2호기,1호기,2호기,2호기,2호기,2호기,1호기,3호기,2호기,1호기
LOT-299,4,16,20%,1호기,1호기,2호기,2호기,2호기,1호기,2호기,1호기,2호기,1호기,1호기,1호기,1호기,1호기,2호기,1호기,2호기
LOT-300,3,17,15%,2호기,1호기,1호기,1호기,1호기,2호기,1호기,3호기,2호기,2호기,1호기,2호기,1호기,1호기,3호기,1호기,2호기
